Num_Hashes,MAP@10
10,0.002633333333333333
20,0.00886031746031746
50,0.0158484126984127
100,0.011955555555555558
150,0.022098412698412697
