Num_Hashes,MAP@10
10,0.005088888888888889
20,0.011619047619047619
50,0.00875
100,0.016722222222222225
150,0.02398809523809524
