Num_Hashes,MAP@10
10,0.0005102040816326531
20,0.002380952380952381
50,0.0049036281179138325
100,0.0037358276643990928
150,0.0046987366375121475
